timestamp,cpu_percent,memory_percent,disk_usage,network_activity
2025-01-27T20:31:45.280071,0.0,86.5,90.6,318491483
2025-01-27T20:31:46.315227,16.9,86.5,90.7,318541108
2025-01-27T20:31:47.341076,33.2,86.5,90.7,318587140
2025-01-27T20:31:48.371110,21.7,86.4,90.7,318598391
2025-01-27T20:31:49.401154,14.8,86.2,90.7,318599752
2025-01-27T20:31:50.437174,19.8,86.2,90.7,318611171
2025-01-27T20:31:51.465929,10.2,86.1,90.7,318612649
2025-01-27T20:31:52.493148,14.5,86.5,90.7,318626797
2025-01-27T20:31:53.530223,41.2,86.9,90.7,318974496
2025-01-27T20:31:54.568051,15.1,87.4,90.7,319126011
2025-01-27T20:31:55.594989,14.2,87.4,90.7,319151232
2025-01-27T20:31:56.620936,8.0,87.4,90.7,319173691
2025-01-27T20:31:57.660050,10.8,87.5,90.7,319307046
2025-01-27T20:31:58.699837,29.2,87.4,90.7,319895501
2025-01-27T20:31:59.740083,7.2,87.5,90.7,320050615
2025-01-27T20:32:00.768077,11.3,87.4,90.7,320102556
2025-01-27T20:32:01.797000,29.3,87.7,90.7,321244353
2025-01-27T20:32:02.835844,20.6,87.8,90.7,322298062
2025-01-27T20:32:03.865161,20.6,87.6,90.7,322362525
2025-01-27T20:32:04.893057,13.0,87.6,90.7,322443738
2025-01-27T20:32:05.932437,18.9,87.8,90.7,322608198
2025-01-27T20:32:06.967148,23.8,88.0,90.7,323070334
2025-01-27T20:32:08.009124,10.2,88.0,90.7,323781891
2025-01-27T20:32:09.048994,8.8,88.0,90.7,324563075
2025-01-27T20:32:10.090960,37.9,88.3,90.7,324888493
2025-01-27T20:32:11.133250,12.6,88.5,90.7,324978847
2025-01-27T20:32:12.173959,3.4,88.5,90.7,324986588
2025-01-27T20:32:13.204276,13.5,88.3,90.7,325006155
2025-01-27T20:32:14.245788,7.3,88.2,90.7,325010252
2025-01-27T20:32:15.288023,4.1,88.1,90.7,325011236
2025-01-27T20:32:16.315345,2.7,88.1,90.7,325012864
2025-01-27T20:32:17.348090,18.1,87.9,90.7,325016343
2025-01-27T20:32:18.388168,8.6,87.9,90.7,325024626
2025-01-27T20:32:19.418963,14.5,87.9,90.7,325027569
2025-01-27T20:32:20.450035,13.7,87.9,90.7,325029320
2025-01-27T20:32:21.475214,3.7,87.9,90.7,325034013
2025-01-27T20:32:22.516005,12.7,87.8,90.7,325073575
2025-01-27T20:32:23.542248,8.2,87.8,90.7,325108301
2025-01-27T20:32:24.570119,4.8,87.8,90.7,325115073
2025-01-27T20:32:25.615778,3.2,87.9,90.7,325116570
2025-01-27T20:32:26.642539,5.7,88.0,90.7,325140926
2025-01-27T20:32:27.667079,6.1,88.0,90.7,325143602
2025-01-27T20:32:28.705909,11.5,87.7,90.7,325144910
2025-01-27T20:32:29.744058,7.7,87.7,90.7,325146677
2025-01-27T20:32:30.780583,9.5,87.7,90.7,325147530
2025-01-27T20:32:31.807485,4.8,87.7,90.7,325169241
2025-01-27T20:32:32.833104,6.7,87.8,90.7,325174711
2025-01-27T20:32:33.864087,13.4,87.8,90.7,325175880
2025-01-27T20:32:34.890472,15.1,87.4,90.7,325179355
2025-01-27T20:32:35.931859,6.1,87.4,90.7,325181188
2025-01-27T20:32:36.961109,4.8,87.4,90.7,325182167
2025-01-27T20:32:37.989133,3.9,87.4,90.7,325186163
2025-01-27T20:32:39.017946,7.1,87.5,90.7,325188476
2025-01-27T20:32:40.056089,8.2,87.4,90.7,325204281
2025-01-27T20:32:41.094333,7.1,87.4,90.7,325226772
2025-01-27T20:32:42.120112,9.2,87.5,90.7,325248315
2025-01-27T20:32:43.147280,4.3,87.5,90.7,325262536
2025-01-27T20:32:44.171602,13.4,87.5,90.7,325306820
2025-01-27T20:32:45.212294,6.8,87.5,90.7,325329235
2025-01-27T20:32:46.247486,17.7,87.6,90.7,325494524
2025-01-27T20:32:47.284371,23.6,87.9,90.7,326091812
2025-01-27T20:32:48.323345,24.6,88.0,90.7,326251072
2025-01-27T20:32:49.352274,21.3,88.0,90.7,326483105
2025-01-27T20:32:50.388688,45.2,89.5,90.7,328479934
2025-01-27T20:32:51.440019,42.5,89.0,90.7,328685618
2025-01-27T20:32:52.486304,44.3,87.7,90.7,328700799
2025-01-27T20:32:53.516233,22.3,87.5,90.7,328706125
2025-01-27T20:32:54.547996,27.2,86.7,90.8,328748900
2025-01-27T20:32:55.584882,21.0,86.1,90.8,328755896
2025-01-27T20:32:56.635293,21.9,85.8,90.9,328762171
2025-01-27T20:32:57.676780,11.0,85.3,90.9,328764836
2025-01-27T20:32:58.704990,12.1,85.0,90.9,328767292
2025-01-27T20:32:59.743865,13.0,84.9,90.9,328773585
2025-01-27T20:33:00.772003,7.8,84.5,90.9,328774295
2025-01-27T20:33:01.797356,12.8,83.8,90.9,328783292
2025-01-27T20:33:02.842298,13.0,83.8,90.9,328786098
2025-01-27T20:33:03.872915,11.3,83.8,90.9,328787995
2025-01-27T20:33:04.905199,13.9,83.8,90.9,328792858
2025-01-27T20:33:05.948964,18.5,83.9,90.9,328850899
2025-01-27T20:33:06.993940,11.2,83.9,90.9,328853115
2025-01-27T20:33:08.036860,8.3,83.4,90.9,328857601
2025-01-27T20:33:09.065070,12.1,83.1,90.9,328859358
2025-01-27T20:33:10.093900,15.4,83.1,90.9,328863333
2025-01-27T20:33:11.123818,15.3,83.1,90.9,328867343
2025-01-27T20:33:12.154353,20.0,83.0,90.8,328870390
2025-01-27T20:33:13.184944,14.9,84.4,90.8,328872442
2025-01-27T20:33:14.215591,10.8,84.5,90.8,328874782
2025-01-27T20:33:15.258171,14.3,84.5,90.8,328879742
2025-01-27T20:33:16.286906,6.9,84.4,90.8,328883671
2025-01-27T20:33:17.311927,18.9,84.5,90.7,328902859
2025-01-27T20:33:18.353848,11.6,83.7,90.7,328908781
2025-01-27T20:33:19.385333,8.9,82.9,90.6,328910785
2025-01-27T20:33:20.431950,31.3,82.8,90.6,328911292
2025-01-27T20:33:21.476937,16.1,82.8,90.6,328926556
2025-01-27T20:33:22.507795,5.3,82.7,90.6,328929338
2025-01-27T20:33:23.545743,24.4,82.6,90.6,328960073
2025-01-27T20:33:24.574342,15.7,82.6,90.6,328962156
2025-01-27T20:33:25.604370,12.4,82.6,90.6,328971633
2025-01-27T20:33:26.631844,9.3,82.6,90.6,328973086
2025-01-27T20:33:27.655867,8.4,82.5,90.6,328988210
2025-01-27T20:33:28.686278,9.8,82.5,90.6,328989186
2025-01-27T20:33:34.613621,44.4,82.4,90.6,329032658
2025-01-27T20:33:35.649878,10.9,82.4,90.6,329083890
2025-01-27T20:33:36.674177,7.9,82.4,90.6,329125373
2025-01-27T20:33:37.696388,3.9,82.3,90.6,329129121
2025-01-27T20:33:38.723139,5.2,82.3,90.6,329135509
2025-01-27T20:33:39.749040,13.4,82.3,90.6,329147385
2025-01-27T20:33:40.778145,16.3,82.4,90.6,329148572
2025-01-27T20:33:41.817041,8.4,82.4,90.6,329154897
2025-01-27T20:33:42.848098,25.4,82.5,90.6,329214357
2025-01-27T20:33:43.890288,14.7,82.4,90.6,329235261
2025-01-27T20:33:44.916077,6.3,82.4,90.6,329254267
2025-01-27T20:33:45.947021,7.1,82.5,90.6,329335375
2025-01-27T20:33:46.976249,20.8,82.9,90.6,329343182
2025-01-27T20:33:48.016338,45.2,82.9,90.6,329349820
2025-01-27T20:33:49.045126,42.3,82.9,90.6,329379736
2025-01-27T20:33:50.088791,38.9,82.6,90.6,329395410
2025-01-27T20:33:51.117617,38.7,82.6,90.6,329398930
2025-01-27T20:33:52.145066,36.9,82.4,90.6,329401732
2025-01-27T20:33:53.174788,38.4,82.3,90.6,329406098
2025-01-27T20:33:54.204928,42.3,82.3,90.6,329406785
2025-01-27T20:33:55.235986,40.8,82.3,90.6,329408513
2025-01-27T20:33:56.278113,41.9,82.3,90.6,329409675
2025-01-27T20:33:57.320991,44.9,82.7,90.6,329432436
2025-01-27T20:33:58.354684,41.0,82.8,90.6,329452348
2025-01-27T20:33:59.379808,38.1,82.7,90.6,329471798
2025-01-27T20:34:00.407084,43.9,82.8,90.6,329473920
2025-01-27T20:34:01.437291,41.5,82.8,90.6,329480037
2025-01-27T20:34:02.469609,47.0,82.7,90.6,329483846
2025-01-27T20:34:03.516170,43.6,82.5,90.6,329488405
2025-01-27T20:34:04.547181,41.5,82.5,90.6,329489518
2025-01-27T20:34:05.575247,42.7,82.4,90.6,329495240
2025-01-27T20:34:06.617420,38.9,82.4,90.6,329511035
2025-01-27T20:34:07.647556,39.4,82.5,90.6,329525141
2025-01-27T20:34:08.689964,43.8,82.4,90.6,329534049
2025-01-27T20:34:09.740087,42.5,82.3,90.6,329537059
2025-01-27T20:34:10.783396,39.6,82.4,90.6,329537519
2025-01-27T20:34:11.815269,46.2,82.3,90.6,329549155
2025-01-27T20:34:12.846299,43.1,82.4,90.6,329565124
2025-01-27T20:34:13.891275,45.3,82.5,90.6,329582473
2025-01-27T20:34:14.933643,38.9,82.4,90.6,329584141
2025-01-27T20:34:15.979022,40.2,82.5,90.6,329589717
2025-01-27T20:34:17.020235,42.2,82.6,90.6,329611732
2025-01-27T20:34:18.064605,42.4,82.5,90.6,329625653
2025-01-27T20:34:19.096215,48.3,82.5,90.6,329629710
2025-01-27T20:34:20.129183,56.6,81.8,90.6,329648119
2025-01-27T20:34:21.175833,44.6,80.7,90.6,329664210
2025-01-27T20:34:22.207269,39.3,80.7,90.6,329666027
2025-01-27T20:34:23.247826,42.5,80.7,90.6,329669405
2025-01-27T20:34:24.277345,38.6,80.7,90.6,329672300
2025-01-27T20:34:25.311462,40.5,80.7,90.6,329675489
2025-01-27T20:34:26.356727,40.4,80.7,90.6,329675930
2025-01-27T20:34:27.386634,39.1,80.7,90.6,329676593
2025-01-27T20:34:28.421909,37.7,80.7,90.6,329679790
2025-01-27T20:34:29.459078,46.0,80.7,90.6,329681079
2025-01-27T20:34:30.487657,42.7,80.6,90.6,329681961
2025-01-27T20:34:31.531464,44.1,80.7,90.6,329697146
2025-01-27T20:34:32.577028,41.3,80.7,90.6,329699661
2025-01-27T20:34:33.621876,40.7,80.7,90.6,329702678
2025-01-27T20:34:34.652079,36.1,80.7,90.6,329704475
2025-01-27T20:34:35.682801,41.0,80.7,90.6,329706974
2025-01-27T20:34:36.717932,38.4,80.7,90.6,329709596
2025-01-27T20:34:37.746076,37.9,80.7,90.6,329712902
2025-01-27T20:34:38.791322,37.5,80.7,90.6,329715109
2025-01-27T20:34:39.825499,42.0,80.9,90.6,329717411
2025-01-27T20:34:40.858763,37.5,80.9,90.6,329718516
2025-01-27T20:34:41.903357,39.4,80.9,90.6,329735211
2025-01-27T20:34:42.939113,39.6,80.9,90.6,329738621
2025-01-27T20:34:43.976627,45.4,80.8,90.6,329741074
2025-01-27T20:34:45.041316,38.4,80.8,90.6,329741728
2025-01-27T20:34:46.079185,39.3,80.8,90.6,329745372
2025-01-27T20:34:47.114036,41.4,80.7,90.6,329752335
2025-01-27T20:34:48.143426,22.1,80.7,90.6,329947899
2025-01-27T20:34:49.173106,11.0,80.8,90.6,329957769
2025-01-27T20:34:50.202113,14.9,80.8,90.6,330004434
2025-01-27T20:34:51.226200,10.2,80.7,90.6,330023673
2025-01-27T20:34:52.262043,15.0,80.8,90.6,330050736
2025-01-27T20:34:53.290125,10.8,80.7,90.6,330064821
2025-01-27T20:34:54.329679,10.2,80.7,90.6,330078325
2025-01-27T20:34:55.353881,10.3,80.8,90.6,330096944
2025-01-27T20:34:56.381249,27.5,81.8,90.6,330125359
2025-01-27T20:34:57.452102,29.9,81.8,90.6,330148906
2025-01-27T20:34:58.476032,8.7,81.8,90.6,330182803
2025-01-27T20:34:59.502922,14.2,81.9,90.6,330194912
2025-01-27T20:35:00.543772,25.3,81.9,90.6,330222176
2025-01-27T20:35:01.570027,8.8,81.9,90.6,330248039
2025-01-27T20:35:02.606765,12.1,81.8,90.6,330265876
2025-01-27T20:35:03.632694,13.3,81.9,90.6,330281946
2025-01-27T20:35:04.658172,22.2,81.7,90.6,330299569
2025-01-27T20:35:05.703211,36.9,81.7,90.6,330332422
2025-01-27T20:35:06.731061,19.4,81.8,90.6,330347829
2025-01-27T20:35:07.771925,22.8,82.4,90.6,330364828
2025-01-27T20:35:08.802092,30.9,81.9,90.6,330380615
2025-01-27T20:35:09.832103,42.5,82.3,90.6,330398971
2025-01-27T20:35:10.870756,26.0,82.4,90.6,330421172
2025-01-27T20:35:11.911377,17.3,82.4,90.6,330438904
2025-01-27T20:35:12.953198,21.9,82.5,90.6,330448811
2025-01-27T20:35:13.979268,24.8,82.6,90.6,330459666
2025-01-27T20:35:15.006344,17.6,82.6,90.6,330461445
2025-01-27T20:35:16.035908,21.0,82.6,90.6,330464312
2025-01-27T20:35:17.065155,20.8,82.7,90.6,330465464
2025-01-27T20:35:18.093032,22.5,82.7,90.6,330475781
2025-01-27T20:35:19.120910,15.8,82.7,90.6,330479548
2025-01-27T20:35:20.151075,18.1,83.1,90.6,330481454
2025-01-27T20:35:21.180906,17.0,83.4,90.6,330486051
2025-01-27T20:35:22.211159,15.7,83.6,90.6,330488357
2025-01-27T20:35:23.240873,15.7,83.7,90.6,330504772
2025-01-27T20:35:24.272270,26.8,83.6,90.6,330515763
2025-01-27T20:35:25.302373,13.3,84.9,90.6,330517641
2025-01-27T20:35:26.345420,17.0,84.9,90.6,330519358
2025-01-27T20:35:27.385669,6.6,84.9,90.6,330523169
2025-01-27T20:35:28.421409,6.2,84.9,90.6,330541270
2025-01-27T20:35:29.446961,5.7,84.9,90.6,330546614
2025-01-27T20:35:30.484012,6.3,84.9,90.6,330547788
2025-01-27T20:35:31.513954,6.4,84.9,90.6,330558890
2025-01-27T20:35:32.540925,4.5,84.9,90.6,330562288
2025-01-27T20:35:33.565394,4.3,84.8,90.6,330565140
2025-01-27T20:35:34.594999,31.0,82.6,90.6,330568471
2025-01-27T20:35:35.630387,3.0,82.6,90.6,330570212
2025-01-27T20:35:36.667877,11.0,82.6,90.6,330574359
2025-01-27T20:35:37.691337,4.3,82.6,90.6,330574535
2025-01-27T20:35:38.715332,5.9,82.6,90.6,330578787
2025-01-27T20:35:39.739987,2.6,82.6,90.6,330580772
2025-01-27T20:35:40.780872,8.6,82.6,90.6,330582354
2025-01-27T20:35:41.805853,5.4,82.6,90.6,330588034
2025-01-27T20:35:42.833321,2.6,82.6,90.6,330590702
2025-01-27T20:35:43.859212,4.9,82.6,90.6,330593746
2025-01-27T20:35:44.883967,4.7,82.5,90.6,330596282
2025-01-27T20:35:45.909863,3.5,82.5,90.6,330598240
2025-01-27T20:35:46.936061,6.4,82.5,90.6,330601253
2025-01-27T20:35:47.959969,4.5,82.5,90.6,330603788
2025-01-27T20:35:48.987982,7.5,82.6,90.6,330626727
2025-01-27T20:35:50.022024,4.3,82.6,90.6,330633546
2025-01-27T20:35:51.048827,10.7,82.6,90.6,330652418
2025-01-27T20:35:52.086759,7.1,82.5,90.6,330654330
2025-01-27T20:35:53.113253,3.1,82.5,90.6,330658083
2025-01-27T20:35:54.137393,10.1,82.5,90.6,330664519
2025-01-27T20:35:55.160026,1.8,82.5,90.6,330669987
2025-01-27T20:35:56.183316,7.4,82.5,90.6,330672826
2025-01-27T20:35:57.207106,3.4,82.5,90.6,330674829
2025-01-27T20:35:58.235261,7.5,82.5,90.6,330677689
2025-01-27T20:35:59.258192,6.2,82.5,90.6,330679869
2025-01-27T20:36:00.285785,3.4,82.5,90.6,330683492
2025-01-27T20:36:01.312655,15.1,82.5,90.6,330697493
2025-01-27T20:36:02.337565,4.8,82.5,90.6,330700664
2025-01-27T20:36:03.364341,7.4,82.5,90.6,330709035
2025-01-27T20:36:04.402778,9.2,82.5,90.6,330712350
2025-01-27T20:36:05.426862,8.9,82.6,90.6,330863238
2025-01-27T20:36:06.470063,20.3,83.2,90.6,330867858
2025-01-27T20:36:07.497202,14.3,83.2,90.6,330870201
2025-01-27T20:36:08.521375,3.4,83.2,90.6,330872786
2025-01-27T20:36:09.545925,8.2,83.2,90.6,330875771
2025-01-27T20:36:10.571430,4.2,83.2,90.6,330878473
2025-01-27T20:36:11.599222,3.4,83.1,90.6,330889804
2025-01-27T20:36:12.625988,14.2,83.1,90.6,330892454
2025-01-27T20:36:13.655033,5.8,83.1,90.6,330897521
2025-01-27T20:36:14.681135,7.3,83.2,90.6,330899862
2025-01-27T20:36:15.707235,2.5,83.2,90.6,330902006
2025-01-27T20:36:16.730412,7.6,83.2,90.6,330912946
2025-01-27T20:36:17.758002,3.8,83.1,90.6,330915566
2025-01-27T20:36:18.781257,6.6,83.1,90.6,330920214
2025-01-27T20:36:19.805238,4.8,83.2,90.6,330922391
2025-01-27T20:36:20.831028,6.0,83.1,90.6,330923777
2025-01-27T20:36:21.856114,7.0,83.1,90.6,330925678
2025-01-27T20:36:22.893942,2.9,82.9,90.6,330927110
2025-01-27T20:36:23.924705,4.2,83.0,90.6,330928554
2025-01-27T20:36:24.950858,15.9,83.2,90.6,330939446
2025-01-27T20:36:25.992003,18.5,83.3,90.6,330956557
2025-01-27T20:36:27.020153,8.9,83.3,90.6,330965589
2025-01-27T20:36:28.053263,26.3,83.5,90.6,330974103
2025-01-27T20:36:29.083365,27.9,83.7,90.6,330987081
2025-01-27T20:36:30.114798,28.3,83.9,90.6,330989082
2025-01-27T20:36:31.145345,28.0,84.0,90.6,330990500
2025-01-27T20:36:32.186061,36.3,84.2,90.6,331003546
2025-01-27T20:36:33.212356,30.1,84.6,90.6,331011012
2025-01-27T20:36:34.242537,43.9,84.6,90.6,331012401
2025-01-27T20:36:35.294983,43.6,84.9,90.6,331033192
2025-01-27T20:36:36.340411,28.1,85.0,90.6,331035381
2025-01-27T20:36:37.370946,29.4,85.2,90.6,331037992
2025-01-27T20:36:38.417044,24.7,85.0,90.6,331041582
2025-01-27T20:36:39.469096,27.8,86.1,90.6,331042624
2025-01-27T20:36:40.502903,26.0,86.3,90.6,331046111
2025-01-27T20:36:41.533187,18.9,86.3,90.6,331046558
2025-01-27T20:36:42.562733,27.0,86.2,90.6,331056126
2025-01-27T20:36:43.590269,8.1,86.1,90.6,331060266
2025-01-27T20:36:44.618177,5.6,86.1,90.6,331061736
2025-01-27T20:36:45.651570,16.1,86.1,90.6,331062570
2025-01-27T20:36:46.680806,24.5,86.5,90.6,331070069
2025-01-27T20:36:47.728687,51.0,84.2,90.6,331074477
2025-01-27T20:36:48.774539,41.9,84.6,90.6,331084439
2025-01-27T20:36:49.815832,38.6,84.8,90.6,331100897
2025-01-27T20:36:50.847191,43.4,85.4,90.6,331107472
2025-01-27T20:36:51.912442,36.0,85.8,90.6,331116865
2025-01-27T20:36:52.951458,29.8,86.2,90.6,331121889
2025-01-27T20:36:54.002792,53.8,85.4,90.6,331123677
2025-01-27T20:36:55.033018,36.9,86.6,90.6,331125559
2025-01-27T20:36:56.065577,38.2,86.8,90.6,331127025
2025-01-27T20:36:57.099627,21.3,87.0,90.6,331129885
2025-01-27T20:36:58.128739,20.7,87.3,90.6,331130617
2025-01-27T20:36:59.157263,47.5,85.8,90.6,331134458
2025-01-27T20:37:00.192063,23.8,86.4,90.6,331135960
2025-01-27T20:37:01.222133,18.2,86.4,90.6,331146319
2025-01-27T20:37:02.258937,12.2,86.4,90.6,331149989
2025-01-27T20:37:03.287746,6.7,86.4,90.6,331153706
2025-01-27T20:37:04.326163,11.9,86.3,90.6,331155798
2025-01-27T20:37:05.353277,8.3,86.3,90.6,331162185
2025-01-27T20:37:06.382112,9.8,86.3,90.6,331190890
2025-01-27T20:37:07.419992,11.8,86.4,90.6,331193508
2025-01-27T20:37:08.448710,28.8,79.4,90.6,331197345
2025-01-27T20:37:09.475109,36.3,81.7,90.6,331305179
2025-01-27T20:37:10.543988,29.7,81.6,90.6,331347331
2025-01-27T20:37:11.570045,9.8,81.6,90.6,331400737
2025-01-27T20:37:12.610182,45.6,83.1,90.6,331419406
2025-01-27T20:37:13.666957,36.1,83.4,90.6,331442434
2025-01-27T20:37:14.709893,23.6,83.4,90.6,331496190
2025-01-27T20:37:15.751335,30.1,83.7,90.6,331497882
2025-01-27T20:37:16.777188,38.8,83.8,90.6,331520755
2025-01-27T20:37:17.823024,41.4,84.1,90.6,331569843
2025-01-27T20:37:18.852827,33.0,84.2,90.6,331572540
2025-01-27T20:37:19.894216,29.3,84.2,90.6,331573748
2025-01-27T20:37:20.939243,19.3,85.4,90.6,331575490
2025-01-27T20:37:21.984500,43.2,85.3,90.6,331576949
2025-01-27T20:37:23.015058,23.8,85.3,90.6,331589099
2025-01-27T20:37:24.040165,13.7,85.4,90.6,331593678
2025-01-27T20:37:25.067494,26.7,85.8,90.6,331603624
2025-01-27T20:37:26.096018,51.1,86.3,90.6,331608218
2025-01-27T20:37:27.141138,45.4,86.4,90.6,331609788
2025-01-27T20:37:28.167930,37.0,86.7,90.6,331611731
2025-01-27T20:37:29.207843,37.1,87.5,90.6,331624231
2025-01-27T20:37:30.237060,50.1,85.9,90.6,331640410
2025-01-27T20:37:31.266964,47.2,87.5,90.6,331642602
2025-01-27T20:37:32.311145,41.4,87.1,90.6,331643794
2025-01-27T20:37:33.341457,39.7,87.5,90.6,331646713
2025-01-27T20:37:34.370935,22.4,87.6,90.6,331651985
2025-01-27T20:37:35.402922,25.6,86.9,90.6,331652370
2025-01-27T20:37:36.438132,27.7,86.7,90.6,331655154
2025-01-27T20:37:37.474540,16.2,86.6,90.6,331662115
2025-01-27T20:37:38.519045,10.2,86.6,90.6,331667797
2025-01-27T20:37:39.548721,77.5,87.1,90.6,331671441
2025-01-27T20:37:40.580299,28.3,87.0,90.6,331672593
2025-01-27T20:37:41.621744,20.7,87.1,90.6,331678226
2025-01-27T20:37:42.655729,65.8,86.3,90.6,331680389
2025-01-27T20:37:43.691096,18.3,86.1,90.6,331682520
2025-01-27T20:37:44.721958,26.9,85.7,90.6,331684274
2025-01-27T20:37:45.748785,10.0,85.7,90.6,331686418
2025-01-27T20:37:46.785451,56.0,85.7,90.6,331687878
2025-01-27T20:37:47.829993,27.1,85.6,90.6,331690850
2025-01-27T20:37:48.861154,30.1,85.7,90.6,331693799
2025-01-27T20:37:49.894711,18.2,85.7,90.6,331695062
2025-01-27T20:37:50.929095,19.2,82.6,90.6,331707875
2025-01-27T20:37:51.956789,9.5,82.6,90.6,331711984
2025-01-27T20:37:53.000934,34.1,82.9,90.6,331820509
2025-01-27T20:37:54.047788,44.4,83.4,90.6,331833980
2025-01-27T20:37:55.076049,51.9,83.7,90.6,331853373
2025-01-27T20:37:56.103703,45.0,84.2,90.6,331857383
2025-01-27T20:37:57.135243,48.0,84.4,90.6,331876457
2025-01-27T20:37:58.165239,35.0,85.2,90.6,331884595
2025-01-27T20:37:59.207786,54.1,84.9,90.6,331897058
2025-01-27T20:38:00.237967,48.3,85.3,90.6,331898638
2025-01-27T20:38:01.268849,52.3,84.9,90.6,331904944
2025-01-27T20:38:02.315832,59.5,85.4,90.6,331906456
2025-01-27T20:38:03.345394,50.4,85.7,90.6,331911763
2025-01-27T20:38:04.374927,53.6,85.9,90.6,331918647
2025-01-27T20:38:05.406692,33.0,86.1,90.6,331920780
2025-01-27T20:38:06.436715,32.1,85.4,90.6,331923533
2025-01-27T20:38:07.465858,48.8,85.0,90.6,331924912
2025-01-27T20:38:08.497625,40.7,85.3,90.6,331927599
2025-01-27T20:38:09.541916,28.1,85.2,90.6,331931647
2025-01-27T20:38:10.570895,10.1,85.3,90.6,331933729
2025-01-27T20:38:11.595966,8.1,85.3,90.6,331942557
2025-01-27T20:38:12.625185,21.7,85.3,90.6,331944817
2025-01-27T20:38:13.652018,16.9,85.7,90.6,331950522
2025-01-27T20:38:14.684852,17.1,85.7,90.6,331950961
2025-01-27T20:38:15.714607,14.7,85.8,90.6,331951402
2025-01-27T20:38:16.743925,17.4,86.0,90.6,331954755
2025-01-27T20:38:17.773721,24.7,86.3,90.6,331955563
2025-01-27T20:38:18.804610,32.3,84.8,90.6,331958483
2025-01-27T20:38:19.847813,38.0,85.9,90.6,332008717
2025-01-27T20:38:20.893844,43.5,86.1,90.6,332014008
2025-01-27T20:38:21.923157,25.9,86.4,90.6,332029444
2025-01-27T20:38:22.957463,44.6,84.0,90.6,332033553
2025-01-27T20:38:24.003310,56.5,84.2,90.6,332038172
2025-01-27T20:38:25.050550,56.8,84.6,90.6,332052840
2025-01-27T20:38:26.085044,60.8,85.0,90.6,332109737
2025-01-27T20:38:27.149715,44.3,86.4,90.6,332170119
2025-01-27T20:38:28.185051,55.8,88.9,90.6,333270426
2025-01-27T20:38:29.233142,59.5,89.1,90.6,334411346
2025-01-27T20:38:30.283262,77.8,90.5,90.6,337647589
2025-01-27T20:38:31.344080,97.6,91.5,90.6,339837354
2025-01-27T20:38:32.462497,99.0,93.1,90.6,340630883
2025-01-27T20:38:33.530330,72.3,92.5,90.6,341008804
2025-01-27T20:38:34.663225,34.1,92.7,90.6,341155652
2025-01-27T20:38:35.703036,22.1,92.6,90.6,341176143
2025-01-27T20:38:36.742287,18.2,92.5,90.6,341313126
2025-01-27T20:38:37.775865,50.6,93.0,90.6,342912786
2025-01-27T20:38:38.816672,52.2,92.9,90.6,343244993
2025-01-27T20:38:39.860274,62.2,92.9,90.6,343528779
2025-01-27T20:38:41.493372,32.7,93.1,90.6,343710085
2025-01-27T20:38:42.752912,89.2,94.6,90.6,345300251
2025-01-27T20:38:43.835582,100.0,93.9,90.6,346902068
2025-01-27T20:38:44.899835,100.0,93.5,90.6,348111119
2025-01-27T20:38:45.988978,100.0,94.2,90.6,349249305
2025-01-27T20:38:47.056539,100.0,94.9,90.6,350234356
2025-01-27T20:38:48.139741,99.6,95.2,90.6,350649027
2025-01-27T20:38:49.223148,96.1,95.8,90.6,351053494
2025-01-27T20:38:50.300151,93.9,96.0,90.6,351625483
2025-01-27T20:38:51.374413,96.3,96.0,90.6,352462546
2025-01-27T20:38:52.414202,91.0,96.3,90.6,352762312
2025-01-27T20:38:53.468855,92.7,96.4,90.6,353191890
2025-01-27T20:38:54.517721,84.5,96.7,90.6,353532518
2025-01-27T20:38:55.562251,73.0,96.6,90.6,353664347
2025-01-27T20:38:56.593035,31.8,96.7,90.6,353719984
2025-01-27T20:38:57.636911,18.2,96.8,90.6,353764246
2025-01-27T20:38:58.667485,20.9,96.7,90.6,353890888
2025-01-27T20:38:59.706207,18.8,96.9,90.6,353924978
2025-01-27T20:39:00.735970,20.9,96.8,90.6,353942326
2025-01-27T20:39:01.782050,26.9,95.8,90.6,353951541
2025-01-27T20:39:02.826195,16.3,95.6,90.6,353961627
2025-01-27T20:39:03.865549,12.3,95.2,90.6,353992899
2025-01-27T20:39:04.908768,13.2,95.1,90.6,353996205
2025-01-27T20:39:05.953012,18.3,95.1,90.6,354016428
2025-01-27T20:39:06.977056,28.4,95.7,90.6,354050098
2025-01-27T20:39:08.003773,16.2,95.6,90.6,354052567
2025-01-27T20:39:09.047178,17.6,95.6,90.6,354063675
2025-01-27T20:39:10.076358,12.2,95.6,90.6,354082627
2025-01-27T20:39:11.114225,10.2,95.6,90.6,354097115
2025-01-27T20:39:12.144887,12.8,95.6,90.6,354104646
2025-01-27T20:39:13.185896,12.0,95.3,90.6,354107320
2025-01-27T20:39:14.212318,6.3,95.0,90.6,354110061
2025-01-27T20:39:15.241214,5.0,94.9,90.6,354127531
2025-01-27T20:39:16.280092,16.8,94.9,90.6,354144617
2025-01-27T20:39:17.310078,9.3,95.3,90.6,354167581
2025-01-27T20:39:18.346241,8.1,95.3,90.6,354196467
2025-01-27T20:39:19.375036,9.6,95.3,90.6,354229294
2025-01-27T20:39:20.400498,7.9,95.1,90.6,354230777
2025-01-27T20:39:21.441932,18.3,93.6,90.6,354235916
2025-01-27T20:39:22.483745,23.2,92.2,90.6,354236376
2025-01-27T20:39:23.512062,11.7,90.1,90.6,354238828
2025-01-27T20:39:24.541818,15.8,90.3,90.6,354240829
2025-01-27T20:39:25.567839,6.1,90.2,90.6,354241549
2025-01-27T20:39:26.593794,11.8,90.2,90.6,354246391
2025-01-27T20:39:27.620312,8.3,90.3,90.6,354246391
2025-01-27T20:39:28.644484,3.4,90.2,90.6,354287025
2025-01-27T20:39:29.673936,27.0,90.2,90.6,354318724
2025-01-27T20:39:30.703934,10.8,89.9,90.6,354375485
2025-01-27T20:39:31.727330,6.3,89.9,90.6,354378122
2025-01-27T20:39:32.755926,10.1,90.0,90.6,354382297
2025-01-27T20:39:33.792976,12.7,90.1,90.6,354387028
2025-01-27T20:39:34.816897,6.9,90.0,90.6,354392790
2025-01-27T20:39:35.847237,6.4,90.1,90.6,354394541
2025-01-27T20:39:36.873005,19.6,90.1,90.6,354396850
2025-01-27T20:39:37.900940,14.7,90.1,90.6,354400885
2025-01-27T20:39:38.931071,12.2,89.8,90.6,354403090
2025-01-27T20:39:39.957193,9.1,89.8,90.6,354407374
2025-01-27T20:39:40.983779,16.3,89.7,90.6,354422769
2025-01-27T20:39:42.022187,20.2,89.8,90.6,354554274
2025-01-27T20:39:43.049706,14.6,89.8,90.6,354560995
2025-01-27T20:39:44.075726,18.1,90.0,90.6,354580099
2025-01-27T20:39:45.110087,16.0,90.0,90.6,354590396
2025-01-27T20:39:46.140807,23.0,90.1,90.6,354650562
2025-01-27T20:39:47.168978,26.8,90.3,90.6,354654556
2025-01-27T20:39:48.215144,20.6,90.4,90.6,354663577
2025-01-27T20:39:49.246393,19.3,90.2,90.6,354666344
2025-01-27T20:39:50.288676,22.7,90.2,90.6,354667163
2025-01-27T20:39:51.335057,10.7,90.2,90.6,354683476
2025-01-27T20:39:52.361404,15.5,90.2,90.6,354685702
2025-01-27T20:39:53.397137,24.9,89.0,90.6,354688963
2025-01-27T20:39:54.439811,30.7,89.7,90.6,354707143
2025-01-27T20:39:55.469912,35.3,89.4,90.6,354709676
2025-01-27T20:39:56.497368,8.4,89.5,90.6,354711725
2025-01-27T20:39:57.526404,4.9,89.4,90.6,354712500
2025-01-27T20:39:58.554073,8.1,89.1,90.6,354715461
2025-01-27T20:39:59.582911,6.7,89.1,90.6,354716954
2025-01-27T20:40:00.609221,12.2,89.2,90.6,354718910
2025-01-27T20:40:01.636826,11.7,89.6,90.6,354732594
2025-01-27T20:40:02.668724,5.9,89.4,90.6,354738757
2025-01-27T20:40:03.694915,6.0,89.5,90.6,354741974
2025-01-27T20:40:04.723298,3.8,89.4,90.6,354742601
2025-01-27T20:40:05.750065,12.5,89.5,90.6,354745081
2025-01-27T20:40:06.775826,5.8,89.5,90.6,354747596
2025-01-27T20:40:07.804309,5.4,89.5,90.6,354751186
2025-01-27T20:40:08.844687,20.9,89.5,90.6,354762841
2025-01-27T20:40:09.872979,25.7,89.5,90.6,354765124
2025-01-27T20:40:10.919062,40.0,89.5,90.6,354765841
2025-01-27T20:40:11.961925,21.0,89.5,90.6,354774001
2025-01-27T20:40:12.991912,5.8,89.5,90.6,354775010
2025-01-27T20:40:14.032953,7.2,89.5,90.6,354784478
2025-01-27T20:40:15.059688,12.3,89.6,90.6,354785325
2025-01-27T20:40:16.086789,9.2,89.7,90.6,354787282
2025-01-27T20:40:17.111221,12.6,89.7,90.6,354789329
2025-01-27T20:40:18.141349,11.7,89.7,90.6,354793210
2025-01-27T20:40:19.167247,23.4,88.4,90.6,354797734
2025-01-27T20:40:20.224315,9.7,88.0,90.6,354800383
2025-01-27T20:40:21.255734,9.9,88.2,90.6,354800883
2025-01-27T20:40:22.291763,17.8,88.8,90.6,354801459
2025-01-27T20:40:23.322379,18.8,88.8,90.6,354804002
2025-01-27T20:40:24.366724,13.6,89.3,90.6,354806376
2025-01-27T20:40:25.396075,14.6,89.6,90.6,354808496
2025-01-27T20:40:26.428877,35.3,89.8,90.6,354823283
2025-01-27T20:40:27.463180,25.4,90.4,90.6,354823762
2025-01-27T20:40:28.492763,18.1,90.1,90.6,354828894
2025-01-27T20:40:29.533644,7.9,90.1,90.6,354830130
2025-01-27T20:40:30.564725,11.0,90.1,90.6,354850384
2025-01-27T20:40:31.589109,10.6,90.1,90.6,354872512
2025-01-27T20:40:32.621047,9.1,90.1,90.6,354878608
2025-01-27T20:40:33.647983,4.3,90.2,90.6,354883209
2025-01-27T20:40:34.672188,8.9,90.1,90.6,354884271
2025-01-27T20:40:35.697345,6.3,90.1,90.6,354884783
2025-01-27T20:40:36.728165,24.6,89.5,90.6,354891138
2025-01-27T20:40:37.753882,2.3,89.5,90.6,354892656
2025-01-27T20:40:38.790251,7.3,89.5,90.6,354894838
2025-01-27T20:40:39.830202,11.0,89.4,90.6,354896781
2025-01-27T20:40:40.868868,4.2,89.4,90.6,354897648
2025-01-27T20:40:41.897801,8.1,89.3,90.6,354902381
2025-01-27T20:40:42.922030,6.3,89.3,90.6,354903358
2025-01-27T20:40:43.945312,7.4,89.2,90.6,354906819
2025-01-27T20:40:44.974157,3.4,89.2,90.6,354909144
2025-01-27T20:40:46.006734,9.7,89.4,90.6,354909831
2025-01-27T20:40:47.048926,7.4,89.5,90.6,354911721
2025-01-27T20:40:48.077344,11.7,89.3,90.6,354913358
2025-01-27T20:40:49.105190,6.3,89.3,90.6,354918215
2025-01-27T20:40:50.135305,8.6,89.3,90.6,354922258
2025-01-27T20:40:51.166839,14.9,89.4,90.6,354923572
2025-01-27T20:40:52.215672,25.2,89.8,90.6,354927381
2025-01-27T20:40:53.257948,31.2,90.2,90.6,354940905
2025-01-27T20:40:54.302888,38.1,90.7,90.6,354944854
2025-01-27T20:40:55.334230,34.8,91.1,90.6,354947606
2025-01-27T20:40:56.372361,46.8,90.9,90.6,354949376
2025-01-27T20:40:57.432997,47.2,92.0,90.6,354950534
2025-01-27T20:40:58.468891,39.8,92.0,90.6,354954081
2025-01-27T20:40:59.513209,46.7,91.5,90.6,354957290
2025-01-27T20:41:00.552712,25.6,92.5,90.6,354957451
2025-01-27T20:41:01.595057,24.7,92.2,90.6,354966176
2025-01-27T20:41:02.626109,31.5,92.1,90.6,354970000
2025-01-27T20:41:03.654851,25.1,92.3,90.6,354973358
2025-01-27T20:41:04.697721,24.1,92.7,90.6,355002644
2025-01-27T20:41:05.743473,27.1,92.2,90.6,355024722
2025-01-27T20:41:06.771621,19.8,92.7,90.6,355025550
2025-01-27T20:41:07.816327,38.1,91.5,90.6,355026531
2025-01-27T20:41:08.846699,19.8,91.9,90.6,355031943
2025-01-27T20:41:09.888901,23.2,91.9,90.6,355035531
2025-01-27T20:41:10.921359,9.6,91.9,90.6,355035908
2025-01-27T20:41:11.952157,8.8,91.9,90.6,355043029
2025-01-27T20:41:12.982741,14.4,91.8,90.6,355045643
2025-01-27T20:41:14.009890,7.6,91.8,90.6,355052055
2025-01-27T20:41:15.050946,14.7,91.7,90.6,355053969
2025-01-27T20:41:16.081873,6.7,91.7,90.6,355056368
2025-01-27T20:41:17.111569,17.0,91.9,90.6,355057541
2025-01-27T20:41:18.138891,10.1,92.0,90.6,355060969
2025-01-27T20:41:19.180232,4.7,92.0,90.6,355070522
2025-01-27T20:41:20.210073,16.1,92.1,90.6,355071247
2025-01-27T20:41:21.238998,3.4,92.1,90.6,355074025
2025-01-27T20:41:22.268805,16.2,89.7,90.6,355077343
2025-01-27T20:41:23.313146,31.3,88.8,90.6,355079198
2025-01-27T20:41:24.343286,9.9,88.8,90.6,355083865
2025-01-27T20:41:25.367267,15.7,89.3,90.6,355122216
2025-01-27T20:41:26.397336,5.0,89.4,90.6,355146420
2025-01-27T20:41:27.423142,4.9,89.3,90.6,355176790
2025-01-27T20:41:28.450958,11.1,89.4,90.6,355233092
2025-01-27T20:41:29.481752,15.0,89.6,90.6,355237191
2025-01-27T20:41:30.521872,7.4,89.6,90.6,355248518
2025-01-27T20:41:31.546901,17.5,89.6,90.6,355269366
2025-01-27T20:41:32.574713,13.5,89.5,90.6,355295399
2025-01-27T20:41:33.615258,16.2,89.2,90.6,355298117
2025-01-27T20:41:34.646251,5.7,89.3,90.6,355299836
2025-01-27T20:41:35.674652,15.0,89.2,90.6,355302468
2025-01-27T20:41:36.717905,40.9,89.7,90.6,355309940
2025-01-27T20:41:37.758036,11.5,89.8,90.6,355325890
2025-01-27T20:41:38.781902,18.3,89.7,90.6,355336462
2025-01-27T20:41:39.812861,13.5,89.7,90.6,355342440
2025-01-27T20:41:40.851907,5.6,89.7,90.6,355352170
2025-01-27T20:41:41.887877,3.3,89.6,90.6,355358506
2025-01-27T20:41:42.917102,23.8,89.6,90.6,355364704
2025-01-27T20:41:43.958798,5.6,89.4,90.6,355370515
2025-01-27T20:41:44.985152,7.0,89.1,90.6,355374511
2025-01-27T20:41:46.014130,16.4,89.0,90.6,355377298
2025-01-27T20:41:47.043004,7.0,89.0,90.6,355380192
2025-01-27T20:41:48.078817,10.7,89.1,90.6,355381300
2025-01-27T20:41:49.104423,9.4,89.1,90.6,355384561
2025-01-27T20:41:50.130404,5.3,89.0,90.6,355392338
2025-01-27T20:41:51.171923,13.3,89.0,90.6,355397366
2025-01-27T20:41:52.202165,7.7,89.0,90.6,355399349
2025-01-27T20:41:53.229763,3.9,88.9,90.6,355400773
2025-01-27T20:41:54.259005,4.7,89.0,90.6,355403788
2025-01-27T20:41:55.287102,7.1,88.9,90.6,355404292
2025-01-27T20:41:56.313430,5.9,88.9,90.6,355405955
2025-01-27T20:41:57.352241,5.1,88.9,90.6,355408504
2025-01-27T20:41:58.383286,4.5,88.9,90.6,355408625
2025-01-27T20:41:59.412907,10.7,89.0,90.6,355410099
2025-01-27T20:42:00.440160,4.5,89.0,90.6,355411673
2025-01-27T20:42:01.465626,9.2,88.4,90.6,355422673
2025-01-27T20:42:02.495328,13.4,87.7,90.6,355426464
2025-01-27T20:42:03.522217,12.3,87.8,90.6,355456364
2025-01-27T20:42:04.547724,12.8,87.9,90.6,355477994
2025-01-27T20:42:05.574110,17.1,88.4,90.6,355725397
2025-01-27T20:42:06.605003,6.9,88.6,90.6,355790581
2025-01-27T20:42:07.630703,2.8,88.6,90.6,355792921
2025-01-27T20:42:08.656123,16.5,88.8,90.6,355800949
2025-01-27T20:42:09.696368,25.5,89.0,90.6,355802871
2025-01-27T20:42:10.721143,8.1,88.9,90.6,355805592
2025-01-27T20:42:11.760124,6.1,88.9,90.6,355810910
2025-01-27T20:42:12.790582,8.6,88.7,90.6,355813595
2025-01-27T20:42:13.817669,25.8,88.7,90.6,355817373
2025-01-27T20:42:14.842102,20.1,88.8,90.6,355824054
2025-01-27T20:42:15.875026,6.7,88.8,90.6,355824774
2025-01-27T20:42:16.915413,9.6,88.8,90.6,355831374
2025-01-27T20:42:17.940981,7.0,88.7,90.6,355844160
2025-01-27T20:42:18.967300,9.8,88.7,90.6,355849031
2025-01-27T20:42:19.993637,6.4,88.8,90.6,355850202
2025-01-27T20:42:21.019859,5.2,88.8,90.6,355852870
2025-01-27T20:42:22.048874,15.6,89.0,90.6,355856222
2025-01-27T20:42:23.074934,7.2,89.0,90.6,355857603
2025-01-27T20:42:24.105843,4.8,89.0,90.6,355864677
2025-01-27T20:42:25.136096,6.9,88.9,90.6,355869305
2025-01-27T20:42:26.176159,10.2,88.9,90.6,355880991
2025-01-27T20:42:27.207062,6.4,87.8,90.6,355886878
2025-01-27T20:42:28.236159,14.6,87.8,90.6,355887993
2025-01-27T20:42:29.274036,8.3,87.8,90.6,355890760
2025-01-27T20:42:30.316090,5.4,87.8,90.6,355901009
2025-01-27T20:42:31.356474,13.2,88.0,90.6,355965446
2025-01-27T20:42:32.396916,8.7,88.0,90.6,356008297
2025-01-27T20:42:33.424462,22.5,88.2,90.6,356138622
2025-01-27T20:42:34.454141,14.9,88.2,90.6,356143088
2025-01-27T20:42:35.485097,21.9,88.1,90.6,356160418
2025-01-27T20:42:36.510418,7.0,88.1,90.6,356173065
2025-01-27T20:42:37.540634,7.8,88.2,90.6,356181084
2025-01-27T20:42:38.569781,4.0,88.2,90.6,356184346
2025-01-27T20:42:39.600238,6.8,88.2,90.6,356186398
2025-01-27T20:42:40.626777,11.8,88.2,90.6,356188249
2025-01-27T20:42:41.654500,13.6,88.1,90.6,356190083
2025-01-27T20:42:42.680933,5.9,88.1,90.6,356194816
2025-01-27T20:42:43.709158,8.3,88.2,90.6,356201696
2025-01-27T20:42:44.733911,15.1,88.2,90.6,356203842
2025-01-27T20:42:45.771933,5.8,88.2,90.6,356218071
2025-01-27T20:42:46.799877,16.3,88.4,90.6,356256825
2025-01-27T20:42:47.860369,56.6,88.9,90.6,356299363
2025-01-27T20:42:48.899970,21.5,88.9,90.6,356324224
2025-01-27T20:42:49.928953,5.0,88.8,90.6,356328781
2025-01-27T20:42:50.955096,9.4,88.8,90.6,356329495
2025-01-27T20:42:52.001361,14.2,88.7,90.6,356332550
2025-01-27T20:42:53.028755,10.6,88.8,90.6,356333272
2025-01-27T20:42:54.066195,11.5,88.8,90.6,356357013
2025-01-27T20:42:55.104269,13.9,88.8,90.6,356363795
2025-01-27T20:42:56.131014,5.4,88.8,90.6,356365651
2025-01-27T20:42:57.156281,11.5,88.8,90.6,356367189
2025-01-27T20:42:58.183307,6.8,88.6,90.6,356368353
2025-01-27T20:42:59.211137,6.2,88.7,90.6,356390663
2025-01-27T20:43:00.242140,24.7,89.2,90.6,356557559
2025-01-27T20:43:01.284786,7.1,89.1,90.6,356583172
2025-01-27T20:43:02.313503,18.0,89.0,90.6,356584544
2025-01-27T20:43:03.351731,18.5,89.1,90.6,356705800
2025-01-27T20:43:04.377271,8.3,89.0,90.6,356708824
2025-01-27T20:43:05.405344,15.4,89.2,90.6,356717446
2025-01-27T20:43:06.432084,5.5,89.2,90.6,356736638
2025-01-27T20:43:07.457221,3.0,89.1,90.6,356737519
2025-01-27T20:43:08.484989,14.2,89.1,90.6,356743526
2025-01-27T20:43:09.524825,18.6,89.1,90.6,356812645
2025-01-27T20:43:10.554991,4.7,89.2,90.6,356816292
2025-01-27T20:43:11.581778,3.5,89.1,90.6,356816725
2025-01-27T20:43:12.607051,10.7,89.1,90.6,356823106
2025-01-27T20:43:13.638040,8.4,89.1,90.6,356824840
2025-01-27T20:43:14.680828,7.8,89.1,90.6,356830220
2025-01-27T20:43:15.706898,3.0,89.1,90.6,356831533
2025-01-27T20:43:16.742996,12.7,89.0,90.6,356833686
2025-01-27T20:43:17.773238,15.0,88.6,90.6,356834172
2025-01-27T20:43:18.813054,18.1,88.7,90.6,356861586
2025-01-27T20:43:19.855066,9.5,88.7,90.6,356863017
2025-01-27T20:43:20.899783,19.7,88.9,90.6,356875415
2025-01-27T20:43:21.928971,13.2,88.9,90.6,356900522
2025-01-27T20:43:22.976513,10.7,89.1,90.6,356927119
2025-01-27T20:43:24.004818,5.0,89.0,90.6,356931658
2025-01-27T20:43:25.029159,7.7,89.0,90.6,356934680
2025-01-27T20:43:26.059252,4.7,88.9,90.6,356934936
2025-01-27T20:43:27.087830,7.4,88.9,90.6,356957566
2025-01-27T20:43:28.114774,5.5,88.7,90.6,356970681
2025-01-27T20:43:29.150311,6.4,88.7,90.6,356984951
2025-01-27T20:43:30.179848,6.2,88.7,90.6,356998784
2025-01-27T20:43:31.208056,4.9,88.7,90.6,357010271
2025-01-27T20:43:32.236951,18.4,88.7,90.6,357014300
2025-01-27T20:43:33.275098,9.0,88.7,90.6,357029926
2025-01-27T20:43:34.304525,6.4,88.7,90.6,357033510
2025-01-27T20:43:35.330391,14.7,88.7,90.6,357034158
2025-01-27T20:43:36.354306,18.1,88.6,90.6,357035710
2025-01-27T20:43:37.384816,8.7,88.6,90.6,357046178
2025-01-27T20:43:38.425411,4.7,88.6,90.6,357047945
2025-01-27T20:43:39.463271,12.2,88.7,90.6,357090102
2025-01-27T20:43:40.505868,4.9,88.6,90.6,357091089
2025-01-27T20:43:41.535793,4.0,88.6,90.6,357092288
2025-01-27T20:43:42.562840,8.1,88.6,90.6,357097571
2025-01-27T20:43:43.590774,14.1,88.5,90.6,357103570
2025-01-27T20:43:44.620910,12.6,88.6,90.6,357108148
2025-01-27T20:43:45.658918,5.3,88.6,90.6,357166060
2025-01-27T20:43:46.690294,14.1,88.7,90.6,357167388
2025-01-27T20:43:47.732765,18.6,88.5,90.6,357225969
2025-01-27T20:43:48.762814,16.8,88.6,90.6,357232260
2025-01-27T20:43:49.790215,6.4,88.6,90.6,357237201
2025-01-27T20:43:50.816971,4.5,88.6,90.6,357247239
2025-01-27T20:43:51.844348,12.5,88.5,90.6,357248415
2025-01-27T20:43:52.872277,12.5,88.6,90.6,357248601
2025-01-27T20:43:53.901196,13.6,88.6,90.6,357264127
2025-01-27T20:43:54.926955,3.5,88.6,90.6,357274903
2025-01-27T20:43:55.953007,7.5,88.6,90.6,357276782
2025-01-27T20:43:56.980186,9.8,88.6,90.6,357288977
2025-01-27T20:43:58.017971,6.1,88.6,90.6,357289736
2025-01-27T20:43:59.050012,11.1,88.5,90.6,357291476
2025-01-27T20:44:00.076745,17.5,88.6,90.6,357293656
2025-01-27T20:44:01.116153,18.8,88.7,90.6,357296408
2025-01-27T20:44:02.146027,4.8,88.8,90.6,357303416
2025-01-27T20:44:03.177078,5.5,88.8,90.6,357306078
2025-01-27T20:44:04.217093,11.8,88.8,90.6,357308974
2025-01-27T20:44:05.244883,5.6,88.9,90.6,357312113
2025-01-27T20:44:06.272966,11.6,89.2,90.6,357325509
2025-01-27T20:44:07.301721,10.6,89.2,90.6,357327309
2025-01-27T20:44:08.332212,6.0,89.2,90.6,357329830
2025-01-27T20:44:09.363007,14.7,89.1,90.6,357332918
2025-01-27T20:44:10.389685,19.5,89.2,90.6,357333420
2025-01-27T20:44:11.422155,16.6,89.3,90.6,357339304
2025-01-27T20:44:12.447031,10.6,89.3,90.6,357344978
2025-01-27T20:44:13.474987,8.8,89.3,90.6,357357891
2025-01-27T20:44:14.503769,13.7,89.3,90.6,357365891
2025-01-27T20:44:15.544866,17.6,89.3,90.6,357368522
2025-01-27T20:44:16.574109,5.4,89.3,90.6,357371620
2025-01-27T20:44:17.604583,22.2,89.6,90.6,357402787
2025-01-27T20:44:18.648042,33.5,90.2,90.6,357482346
2025-01-27T20:44:19.678063,21.1,90.3,90.6,357657138
2025-01-27T20:44:20.717558,15.8,90.3,90.6,357823058
2025-01-27T20:44:21.777398,36.5,88.9,90.6,357845638
2025-01-27T20:44:22.823081,13.7,88.0,90.6,357857210
2025-01-27T20:44:23.850324,9.8,88.0,90.6,357882283
2025-01-27T20:44:24.887768,19.6,88.2,90.6,357961079
2025-01-27T20:44:25.918742,14.2,88.3,90.6,358005294
2025-01-27T20:44:26.960019,15.1,88.1,90.6,358041435
2025-01-27T20:44:28.002991,9.3,88.2,90.6,358045039
2025-01-27T20:44:29.030849,11.0,87.4,90.6,358046917
2025-01-27T20:44:30.060239,10.2,87.3,90.6,358050891
2025-01-27T20:44:31.102057,6.6,87.1,90.6,358063184
2025-01-27T20:44:32.144522,11.2,87.1,90.6,358065558
2025-01-27T20:44:33.172140,11.9,86.9,90.6,358070041
2025-01-27T20:44:34.199253,5.5,86.9,90.6,358072307
2025-01-27T20:44:35.223343,5.3,86.8,90.6,358074154
2025-01-27T20:44:36.250222,16.5,86.6,90.6,358077036
2025-01-27T20:44:37.280472,9.2,86.7,90.6,358078280
2025-01-27T20:44:38.326151,7.0,86.7,90.6,358080076
2025-01-27T20:44:39.353746,6.0,86.7,90.6,358083974
2025-01-27T20:44:40.378986,10.2,87.4,90.6,358108658
2025-01-27T20:44:41.423110,21.9,87.5,90.6,358110748
2025-01-27T20:44:42.450107,7.6,87.5,90.6,358131167
2025-01-27T20:44:43.474618,5.0,87.5,90.6,358178169
2025-01-27T20:44:44.515167,10.9,87.5,90.6,358182224
2025-01-27T20:44:45.559370,26.0,87.6,90.6,358241657
2025-01-27T20:44:46.601893,15.0,87.6,90.6,358243443
2025-01-27T20:44:47.630985,4.0,87.6,90.6,358254079
2025-01-27T20:44:48.671847,10.1,87.4,90.6,358262571
2025-01-27T20:44:49.696113,9.8,87.5,90.6,358302084
2025-01-27T20:44:50.724834,4.2,87.6,90.6,358307834
2025-01-27T20:44:51.754161,4.2,87.6,90.6,358311557
2025-01-27T20:44:52.785359,3.5,87.6,90.6,358314103
2025-01-27T20:44:53.810214,6.0,87.4,90.6,358316304
2025-01-27T20:44:54.847219,4.0,87.4,90.6,358322024
2025-01-27T20:44:55.875434,12.0,87.4,90.6,358349497
2025-01-27T20:44:56.906002,6.8,87.4,90.6,358352502
2025-01-27T20:44:57.934222,11.2,87.4,90.6,358352824
2025-01-27T20:44:58.971979,3.6,87.4,90.6,358356861
2025-01-27T20:44:59.997138,18.6,87.4,90.6,358360458
2025-01-27T20:45:01.032793,17.9,87.4,90.6,358367067
2025-01-27T20:45:02.060454,16.4,87.5,90.6,358375814
2025-01-27T20:45:03.101203,10.7,87.4,90.6,358386587
2025-01-27T20:45:04.140075,29.4,87.9,90.6,358488909
2025-01-27T20:45:05.169751,14.0,87.8,90.6,358527950
2025-01-27T20:45:06.195799,5.0,87.9,90.6,358549598
2025-01-27T20:45:07.220383,3.8,87.9,90.6,358553977
2025-01-27T20:45:08.247266,9.2,87.8,90.6,358560840
2025-01-27T20:45:09.285892,3.2,87.8,90.6,358569007
2025-01-27T20:45:10.327031,6.4,87.8,90.6,358584101
2025-01-27T20:45:11.352987,5.0,87.8,90.6,358588160
2025-01-27T20:45:12.382043,2.8,87.8,90.6,358594420
2025-01-27T20:45:13.413504,6.8,87.8,90.6,358595882
2025-01-27T20:45:14.437497,12.0,87.8,90.6,358626938
2025-01-27T20:45:15.463796,18.2,88.1,90.6,358714055
2025-01-27T20:45:16.495919,14.8,88.8,90.6,358755331
2025-01-27T20:45:17.522578,31.1,87.7,90.6,358974320
2025-01-27T20:45:18.557307,9.5,87.8,90.6,358988479
2025-01-27T20:45:19.584142,3.7,87.7,90.6,358997760
2025-01-27T20:45:20.607965,10.5,87.7,90.6,359006871
2025-01-27T20:45:21.637885,10.2,87.6,90.6,359009542
2025-01-27T20:45:22.678025,14.9,87.7,90.6,359074459
2025-01-27T20:45:23.713793,5.3,87.8,90.6,359077501
2025-01-27T20:45:24.742952,6.8,87.7,90.6,359090517
2025-01-27T20:45:25.771174,6.7,87.9,90.6,359094639
2025-01-27T20:45:26.799826,12.0,87.9,90.6,359099373
2025-01-27T20:45:27.832107,9.5,87.9,90.6,359110947
2025-01-27T20:45:28.855014,8.3,87.8,90.6,359117467
2025-01-27T20:45:29.892065,2.9,87.8,90.6,359127167
2025-01-27T20:45:30.919099,10.2,87.7,90.6,359142901
2025-01-27T20:45:31.948859,6.5,87.7,90.6,359150725
2025-01-27T20:45:32.975005,7.6,87.8,90.6,359171650
2025-01-27T20:45:34.001564,5.4,87.5,90.6,359196465
2025-01-27T20:45:35.026049,19.7,87.6,90.6,359296966
2025-01-27T20:45:36.054552,6.0,87.3,90.6,359302827
2025-01-27T20:45:37.084102,3.8,87.4,90.6,359309630
2025-01-27T20:45:38.111495,7.3,87.4,90.6,359313072
2025-01-27T20:45:39.149782,11.8,87.5,90.6,359322408
2025-01-27T20:45:40.175891,6.7,87.5,90.6,359327136
2025-01-27T20:45:41.220672,31.3,88.0,90.6,359339697
2025-01-27T20:45:42.254680,17.5,88.4,90.6,359348552
2025-01-27T20:45:43.285027,25.9,88.6,90.6,359353303
2025-01-27T20:45:44.318907,19.3,88.9,90.6,359360482
2025-01-27T20:45:45.349517,28.2,89.4,90.6,359389354
2025-01-27T20:45:46.383626,54.8,90.3,90.6,359407644
2025-01-27T20:45:47.447753,68.0,90.4,90.6,359419036
2025-01-27T20:45:48.484416,56.1,91.1,90.6,359425186
2025-01-27T20:45:49.531123,49.1,91.3,90.6,359438960
2025-01-27T20:45:50.560023,26.9,91.5,90.6,359443181
2025-01-27T20:45:51.590821,21.8,91.6,90.6,359446584
2025-01-27T20:45:52.619175,51.1,89.9,90.6,359451804
2025-01-27T20:45:53.670074,29.3,91.2,90.6,359455746
2025-01-27T20:45:54.702840,21.4,92.7,90.6,359463403
2025-01-27T20:45:55.727749,40.7,93.2,90.6,359469763
2025-01-27T20:45:56.768792,10.4,93.1,90.6,359474339
2025-01-27T20:45:57.796386,15.7,92.9,90.6,359488275
2025-01-27T20:45:58.820838,7.5,92.9,90.6,359494362
2025-01-27T20:45:59.846992,4.8,92.8,90.6,359517728
2025-01-27T20:46:00.874161,19.3,92.9,90.6,359528650
2025-01-27T20:46:01.903763,9.9,93.1,90.6,359534959
2025-01-27T20:46:02.933435,17.8,93.3,90.6,359551943
2025-01-27T20:46:03.965055,22.1,89.7,90.6,359558929
2025-01-27T20:46:04.994098,20.6,89.0,90.6,359581069
2025-01-27T20:46:06.020752,8.2,89.3,90.6,359591360
2025-01-27T20:46:07.046952,8.2,89.2,90.6,359595715
2025-01-27T20:46:08.077102,8.2,89.1,90.6,359603077
2025-01-27T20:46:09.113968,8.8,89.0,90.6,359611337
2025-01-27T20:46:10.140925,25.7,89.0,90.6,359615355
2025-01-27T20:46:11.167095,9.4,88.8,90.6,359618355
2025-01-27T20:46:12.195998,11.4,88.6,90.6,359624365
2025-01-27T20:46:13.259559,18.3,88.7,90.6,359627411
2025-01-27T20:46:14.296508,27.1,88.9,90.6,359646571
2025-01-27T20:46:15.337426,21.8,88.9,90.6,359655101
2025-01-27T20:46:16.374359,9.5,88.9,90.6,359661024
2025-01-27T20:46:17.402998,11.2,88.9,90.6,359666931
2025-01-27T20:46:18.428962,6.8,88.9,90.6,359671759
2025-01-27T20:46:19.454922,7.1,88.9,90.6,359678362
2025-01-27T20:46:20.480146,7.3,88.9,90.6,359681843
2025-01-27T20:46:21.505294,3.8,88.9,90.6,359686464
2025-01-27T20:46:22.544059,10.4,88.8,90.6,359693490
2025-01-27T20:46:23.589050,24.0,89.0,90.6,359728313
2025-01-27T20:46:24.679858,23.2,89.1,90.6,359742820
2025-01-27T20:46:25.724444,8.4,89.1,90.6,359749203
2025-01-27T20:46:26.751518,23.5,89.1,90.6,359771174
2025-01-27T20:46:27.791009,15.1,89.1,90.6,359784412
2025-01-27T20:46:28.832214,12.4,89.1,90.6,359798138
2025-01-27T20:46:29.864956,34.0,89.4,90.6,359811261
2025-01-27T20:46:30.904835,11.2,89.3,90.6,359841555
2025-01-27T20:46:31.945661,11.3,89.6,90.6,359877799
2025-01-27T20:46:32.985690,19.7,89.7,90.6,359972230
2025-01-27T20:46:34.014133,46.6,90.1,90.6,359995762
2025-01-27T20:46:35.045091,30.5,90.3,90.6,360097532
2025-01-27T20:46:36.085954,20.7,90.6,90.6,360186837
2025-01-27T20:46:37.115900,3.7,90.5,90.6,360206360
2025-01-27T20:46:38.145374,2.6,90.3,90.6,360226685
2025-01-27T20:46:39.170498,11.7,90.3,90.6,360232646
2025-01-27T20:46:40.210761,9.2,90.0,90.6,360245621
2025-01-27T20:46:41.248186,5.5,90.0,90.6,360255955
2025-01-27T20:46:42.288919,3.7,89.9,90.6,360261775
2025-01-27T20:46:43.318040,4.9,89.9,90.6,360266323
2025-01-27T20:46:44.343945,9.2,89.9,90.6,360275406
2025-01-27T20:46:45.381979,5.3,89.8,90.6,360279195
2025-01-27T20:46:46.408910,4.5,89.8,90.6,360283466
2025-01-27T20:46:47.448032,10.9,89.9,90.6,360291018
2025-01-27T20:46:48.474987,10.7,89.8,90.6,360294835
2025-01-27T20:46:49.502966,11.1,89.7,90.6,360305243
2025-01-27T20:46:50.541260,5.8,89.7,90.6,360308092
2025-01-27T20:46:51.580186,7.5,89.8,90.6,360314772
2025-01-27T20:46:52.607824,12.7,89.8,90.6,360317075
2025-01-27T20:46:53.651728,7.2,89.8,90.6,360324009
2025-01-27T20:46:54.678496,4.2,89.9,90.6,360332957
2025-01-27T20:46:55.707218,9.7,90.2,90.6,360338510
2025-01-27T20:46:56.735769,21.7,90.2,90.6,360342841
2025-01-27T20:46:57.762231,12.7,90.5,90.6,360343845
2025-01-27T20:46:58.806866,9.4,90.3,90.6,360351875
2025-01-27T20:46:59.836360,10.2,90.3,90.6,360369818
2025-01-27T20:47:00.862943,4.4,90.2,90.6,360372194
2025-01-27T20:47:01.892269,16.9,90.0,90.6,360398264
2025-01-27T20:47:02.921157,11.8,89.8,90.6,360402002
2025-01-27T20:47:03.947884,9.9,89.7,90.6,360435563
2025-01-27T20:47:04.983342,20.1,89.3,90.6,360447491
2025-01-27T20:47:06.011958,30.0,89.8,90.6,360486735
2025-01-27T20:47:07.038822,5.3,89.7,90.6,360493954
2025-01-27T20:47:08.081903,3.7,89.6,90.6,360496969
2025-01-27T20:47:09.111884,12.0,89.6,90.6,360502998
2025-01-27T20:47:10.138903,12.9,89.6,90.6,360504899
2025-01-27T20:47:11.167577,11.3,89.7,90.6,360516682
2025-01-27T20:47:12.195385,6.4,89.5,90.6,360523517
2025-01-27T20:47:13.222058,5.8,89.5,90.6,360524909
2025-01-27T20:47:14.248048,9.1,89.6,90.6,360526755
2025-01-27T20:47:15.288889,4.5,89.6,90.6,360530177
2025-01-27T20:47:16.317273,4.5,89.6,90.6,360533393
2025-01-27T20:47:17.343126,7.3,89.5,90.6,360537273
2025-01-27T20:47:18.383061,8.1,89.5,90.6,360543554
2025-01-27T20:47:19.411663,12.2,89.5,90.6,360547253
2025-01-27T20:47:20.438909,10.2,89.5,90.6,360550850
2025-01-27T20:47:21.471877,14.1,89.8,90.6,360555393
2025-01-27T20:47:22.514969,16.6,89.7,90.6,360558281
2025-01-27T20:47:23.544666,10.7,89.7,90.6,360571019
2025-01-27T20:47:24.581963,27.3,90.0,90.6,361219182
2025-01-27T20:47:25.623636,15.5,90.0,90.6,361227071
2025-01-27T20:47:26.648103,4.9,90.0,90.6,361244325
2025-01-27T20:47:27.686108,4.9,89.9,90.6,361277816
2025-01-27T20:47:28.713443,6.3,89.9,90.6,361324280
2025-01-27T20:47:29.754723,4.2,89.8,90.6,361341630
2025-01-27T20:47:30.785719,11.8,89.7,90.6,361355863
2025-01-27T20:47:31.814845,15.7,89.8,90.6,361367832
2025-01-27T20:47:32.842768,12.6,89.7,90.6,361374247
2025-01-27T20:47:33.888051,9.6,89.7,90.6,361382571
2025-01-27T20:47:34.913855,6.2,89.6,90.6,361387493
2025-01-27T20:47:35.942683,3.4,89.2,90.6,361388879
2025-01-27T20:47:36.969860,9.3,89.1,90.6,361391818
2025-01-27T20:47:37.997679,10.4,89.1,90.6,361393504
2025-01-27T20:47:39.027177,5.5,89.1,90.6,361409093
2025-01-27T20:47:40.067053,4.3,89.1,90.6,361412476
2025-01-27T20:47:41.097495,5.9,89.1,90.6,361416244
2025-01-27T20:47:42.123394,8.0,89.2,90.6,361424722
2025-01-27T20:47:43.167304,12.6,89.3,90.6,361434997
2025-01-27T20:47:44.211078,13.6,89.4,90.6,361456173
2025-01-27T20:47:45.236266,12.8,89.4,90.6,361458575
2025-01-27T20:47:46.261989,9.3,89.4,90.6,361462464
2025-01-27T20:47:47.289996,6.7,89.4,90.6,361479051
2025-01-27T20:47:48.317709,14.0,89.5,90.6,361527836
2025-01-27T20:47:49.347136,13.1,89.6,90.6,361550762
2025-01-27T20:47:50.376862,17.1,89.5,90.6,361552047
2025-01-27T20:47:51.404969,5.9,89.5,90.6,361556664
2025-01-27T20:47:52.433204,4.3,89.5,90.6,361559876
2025-01-27T20:47:53.460106,4.5,89.5,90.6,361565028
2025-01-27T20:47:54.486794,12.4,89.5,90.6,361569419
2025-01-27T20:47:55.517168,20.5,89.4,90.6,361571027
2025-01-27T20:47:56.546724,18.7,89.5,90.6,361588080
2025-01-27T20:47:57.576555,10.5,89.5,90.6,361591896
2025-01-27T20:47:58.606709,6.1,89.4,90.6,361596786
2025-01-27T20:47:59.635778,6.0,89.4,90.6,361616911
2025-01-27T20:48:00.660999,9.4,89.5,90.6,361643914
2025-01-27T20:48:01.701910,18.0,89.6,90.6,361662498
2025-01-27T20:48:02.730957,6.7,89.6,90.6,361683140
2025-01-27T20:48:03.772118,5.8,89.9,90.6,361706718
2025-01-27T20:48:04.801133,4.4,89.8,90.6,361726688
2025-01-27T20:48:05.831227,7.7,90.0,90.6,361728012
2025-01-27T20:48:06.861803,23.2,90.1,90.6,361729582
2025-01-27T20:48:07.890211,18.5,89.9,90.6,361731981
2025-01-27T20:48:08.929229,4.3,89.9,90.6,361787647
2025-01-27T20:48:09.959864,4.3,89.8,90.6,361790926
2025-01-27T20:48:10.985017,13.0,89.8,90.6,361792248
2025-01-27T20:48:12.010919,6.5,89.7,90.6,361803672
2025-01-27T20:48:13.040117,11.3,89.7,90.6,361806660
2025-01-27T20:48:14.068798,13.8,89.7,90.6,361821525
2025-01-27T20:48:15.110969,9.8,89.8,90.6,361824238
2025-01-27T20:48:16.142449,30.8,89.9,90.6,362072724
2025-01-27T20:48:17.184510,11.2,89.9,90.6,362090767
2025-01-27T20:48:18.226059,14.3,89.9,90.6,362135216
2025-01-27T20:48:19.268976,5.9,89.9,90.6,362141632
2025-01-27T20:48:20.312061,10.4,89.8,90.6,362146715
2025-01-27T20:48:21.337576,5.3,89.8,90.6,364329248
2025-01-27T20:48:22.375896,9.4,89.7,90.6,364334646
2025-01-27T20:48:23.418778,5.2,89.7,90.6,364349248
2025-01-27T20:48:24.457154,5.8,89.7,90.6,364352094
2025-01-27T20:48:25.495036,6.5,89.7,90.6,364352598
2025-01-27T20:48:26.518682,6.4,89.6,90.6,364356141
2025-01-27T20:48:27.559860,19.3,89.8,90.6,364364966
2025-01-27T20:48:28.602725,7.2,89.8,90.6,364367119
2025-01-27T20:48:29.642772,7.8,89.7,90.6,364384755
2025-01-27T20:48:30.676160,22.1,89.9,90.6,364414206
2025-01-27T20:48:31.714659,7.8,89.9,90.6,364435541
2025-01-27T20:48:32.741134,8.7,89.8,90.6,364447510
2025-01-27T20:48:33.767764,14.3,89.8,90.6,364454477
2025-01-27T20:48:34.793036,5.8,89.8,90.6,364476056
2025-01-27T20:48:35.818957,6.0,89.6,90.6,364478584
2025-01-27T20:48:36.847892,3.1,89.5,90.6,364480360
2025-01-27T20:48:37.878903,6.9,89.6,90.6,364500795
2025-01-27T20:48:38.918827,12.7,89.6,90.6,364509160
2025-01-27T20:48:39.958171,8.3,89.8,90.6,364528987
2025-01-27T20:48:40.996281,13.3,89.8,90.6,364543204
2025-01-27T20:48:42.025304,6.7,89.9,90.6,364555728
2025-01-27T20:48:43.051097,7.3,89.9,90.6,364556261
2025-01-27T20:48:44.079116,13.1,89.9,90.6,364557890
2025-01-27T20:48:45.108675,14.7,89.8,90.6,364582421
2025-01-27T20:48:46.134791,8.1,89.8,90.6,364651672
2025-01-27T20:48:47.164114,8.5,89.7,90.6,364653849
2025-01-27T20:48:48.191745,12.6,89.9,90.6,364669730
2025-01-27T20:48:49.217073,12.6,89.9,90.6,364730867
2025-01-27T20:48:50.249903,14.3,89.9,90.6,364751979
2025-01-27T20:48:51.288857,21.3,89.9,90.6,364769956
2025-01-27T20:48:52.328850,10.8,89.8,90.6,364772707
2025-01-27T20:48:53.358050,16.6,90.0,90.6,364779934
2025-01-27T20:48:54.397740,10.5,89.8,90.6,364785986
2025-01-27T20:48:55.436641,10.4,89.8,90.6,364790049
2025-01-27T20:48:56.464114,14.6,89.9,90.6,364801619
2025-01-27T20:48:57.494804,5.5,89.7,90.6,364811135
2025-01-27T20:48:58.521895,4.8,89.7,90.6,364822910
2025-01-27T20:48:59.547255,11.4,89.6,90.6,364828201
2025-01-27T20:49:00.575264,8.5,89.6,90.6,364834936
2025-01-27T20:49:01.613944,4.3,89.6,90.6,364838641
2025-01-27T20:49:02.639905,12.3,89.5,90.6,364856005
2025-01-27T20:49:03.668743,15.0,89.5,90.6,364859228
2025-01-27T20:49:04.697459,12.1,89.4,90.6,364869359
2025-01-27T20:49:05.727105,27.1,90.0,90.6,364892366
2025-01-27T20:49:06.769142,8.8,89.8,90.6,364895622
2025-01-27T20:49:07.794912,12.4,89.7,90.6,364896927
2025-01-27T20:49:08.832448,8.9,90.1,90.6,364898647
2025-01-27T20:49:09.861214,4.5,90.0,90.6,364910650
2025-01-27T20:49:10.889123,8.4,90.0,90.6,364924782
2025-01-27T20:49:11.929735,5.6,89.9,90.6,364933142
2025-01-27T20:49:12.966182,5.2,89.8,90.6,364934514
2025-01-27T20:49:13.990194,5.8,89.9,90.6,364935213
2025-01-27T20:49:15.031762,8.9,89.6,90.6,364939408
2025-01-27T20:49:16.059824,6.9,89.5,90.6,364941984
2025-01-27T20:49:17.087697,5.3,89.5,90.6,364954112
2025-01-27T20:49:18.115949,8.7,90.0,90.6,364975746
2025-01-27T20:49:19.147180,5.7,90.1,90.6,364997803
2025-01-27T20:49:20.181775,6.6,90.0,90.6,365009297
2025-01-27T20:49:21.211158,10.5,89.8,90.6,365025215
2025-01-27T20:49:22.243161,10.2,89.4,90.6,365032523
2025-01-27T20:49:23.277084,25.9,87.7,90.6,365035421
2025-01-27T20:49:24.317734,16.9,87.8,90.6,365072994
2025-01-27T20:49:25.361200,15.0,87.8,90.6,365082540
2025-01-27T20:49:26.399876,8.4,87.8,90.6,365090867
2025-01-27T20:49:27.427879,7.6,87.7,90.6,365093013
2025-01-27T20:49:28.470183,21.5,88.0,90.6,365103660
2025-01-27T20:49:29.501003,15.7,88.3,90.6,365105419
2025-01-27T20:49:30.531716,10.2,88.3,90.6,365108022
2025-01-27T20:49:31.558145,10.6,88.3,90.6,365109769
2025-01-27T20:49:32.600213,5.5,88.3,90.6,365113499
2025-01-27T20:49:33.626491,7.2,88.3,90.6,365115190
2025-01-27T20:49:34.664818,7.8,88.1,90.6,365120639
2025-01-27T20:49:35.691508,10.9,88.4,90.6,365122583
2025-01-27T20:49:36.718977,24.7,88.6,90.6,365123978
